<?xml version="1.0" encoding="UTF-8"?>
<project-private xmlns="http://www.netbeans.org/ns/project-private/1">
    <editor-bookmarks xmlns="http://www.netbeans.org/ns/editor-bookmarks/2" lastBookmarkId="0"/>
    <open-files xmlns="http://www.netbeans.org/ns/projectui-open-files/2">
        <group>
            <file>file:/C:/Users/rahli/Documents/NetBeansProjects/TP4_Console/src/Modèle/Portefeuille.java</file>
            <file>file:/C:/Users/rahli/Documents/NetBeansProjects/TP4_Console/src/Modèle/Instrument.java</file>
            <file>file:/C:/Users/rahli/Documents/NetBeansProjects/TP4_Console/src/Modèle/InstrumentInexistant.java</file>
            <file>file:/C:/Users/rahli/Documents/NetBeansProjects/TP4_Console/src/Modèle/FondsExistant.java</file>
            <file>file:/C:/Users/rahli/Documents/NetBeansProjects/TP4_Console/src/Vue/TestTrie.java</file>
            <file>file:/C:/Users/rahli/Documents/NetBeansProjects/TP4_Console/src/controleur/Main.java</file>
            <file>file:/C:/Users/rahli/Documents/NetBeansProjects/TP4_Console/src/Modèle/FondsInexistant.java</file>
            <file>file:/C:/Users/rahli/Documents/NetBeansProjects/TP4_Console/src/Modèle/Fonds.java</file>
        </group>
    </open-files>
</project-private>
